contrast,metric,delta,ci_lo,ci_hi,p,significant
MedKLIP: +DHS vs BEP,mIoU,0.013982987102464928,0.010824357950587726,0.017317894433009105,0.001,True
MedKLIP: +DHS vs BEP,Dice,0.019356391840324283,0.01584170490951968,0.02326652625206984,0.001,True
MedKLIP: +DHS vs BEP,CNR,-0.3125360000983377,-0.3257405312149971,-0.29612428134641766,0.001,True
MedKLIP: +DHS vs BEP,P@1,0.0,0.0,0.0,1.0,False
GLoRIA: +RQP vs BEP,mIoU,6.689608646887057e-05,-0.004387180191044398,0.0044588990009748605,0.99,False
GLoRIA: +RQP vs BEP,Dice,1.8784382774528208e-05,-0.005901115407101096,0.005963436485306645,0.994,False
GLoRIA: +RQP vs BEP,CNR,-0.007695727152946308,-0.035043129629761735,0.017352777244218347,0.522,False
GLoRIA: +RQP vs BEP,P@1,-0.002024883506869468,-0.024155945455706616,0.0191837405828068,0.838,False
GLoRIA: +DHS vs BEP,mIoU,0.04751895036986342,0.03886632125543201,0.05453798185597522,0.001,True
GLoRIA: +DHS vs BEP,Dice,0.05958721909455933,0.049827689689720296,0.06783794123287701,0.001,True
GLoRIA: +DHS vs BEP,CNR,-0.1107585392024677,-0.13478502792001543,-0.08344639847024599,0.001,True
GLoRIA: +DHS vs BEP,P@1,0.0,0.0,0.0,1.0,False
GLoRIA: +RQP+DHS vs BEP,mIoU,0.0454373611483912,0.035887123425593755,0.054065393614974776,0.001,True
GLoRIA: +RQP+DHS vs BEP,Dice,0.05698859133992501,0.04555430891973607,0.06731504171482894,0.001,True
GLoRIA: +RQP+DHS vs BEP,CNR,-0.12750896729274008,-0.15948573119416773,-0.09183341227506564,0.001,True
GLoRIA: +RQP+DHS vs BEP,P@1,-0.002024883506869468,-0.024155945455706616,0.0191837405828068,0.838,False
GLoRIA: +RQP+DHS vs +RQP,mIoU,0.04537046506192233,0.03706647331874034,0.05258455736427227,0.001,True
GLoRIA: +RQP+DHS vs +RQP,Dice,0.05696980695715048,0.04730212612670924,0.06536014386958652,0.001,True
GLoRIA: +RQP+DHS vs +RQP,CNR,-0.11981324013979378,-0.14587885098589712,-0.09249274038971857,0.001,True
GLoRIA: +RQP+DHS vs +RQP,P@1,0.0,0.0,0.0,1.0,False
AFLoc: +RQP vs BEP,mIoU,0.0012125480006828226,-0.0011420762856173313,0.0035559777291052164,0.332,False
AFLoc: +RQP vs BEP,Dice,0.0015549598027060352,-0.0010839773867807642,0.00419387612881304,0.252,False
AFLoc: +RQP vs BEP,CNR,0.008984120759865988,-0.0011031491053106965,0.018996980788580087,0.088,False
AFLoc: +RQP vs BEP,P@1,-0.0029342079724410386,-0.017572678487757117,0.01159173215284587,0.664,False
AFLoc: +DHS vs BEP,mIoU,0.017735995969619778,0.010695816483758372,0.024008273361620595,0.001,True
AFLoc: +DHS vs BEP,Dice,0.01996554903547354,0.012271468591073312,0.026837073271212056,0.001,True
AFLoc: +DHS vs BEP,CNR,-0.0960048834321543,-0.11833647980346002,-0.06973167579796498,0.001,True
AFLoc: +DHS vs BEP,P@1,0.0,0.0,0.0,1.0,False
AFLoc: +RQP+DHS vs BEP,mIoU,0.018479809936769565,0.01126822424914898,0.025468026631308267,0.001,True
AFLoc: +RQP+DHS vs BEP,Dice,0.020825070178304372,0.01274941514168614,0.028580144187053718,0.001,True
AFLoc: +RQP+DHS vs BEP,CNR,-0.09754856623217334,-0.12138723122871466,-0.07092633230827092,0.001,True
AFLoc: +RQP+DHS vs BEP,P@1,-0.0029342079724410386,-0.017572678487757117,0.01159173215284587,0.664,False
AFLoc: +RQP+DHS vs +RQP,mIoU,0.017267261936086742,0.010097300923958946,0.0240774112498729,0.001,True
AFLoc: +RQP+DHS vs +RQP,Dice,0.019270110375598337,0.011374756007295,0.02653908138264454,0.001,True
AFLoc: +RQP+DHS vs +RQP,CNR,-0.10653268699203933,-0.12860804963539843,-0.08118427924712138,0.001,True
AFLoc: +RQP+DHS vs +RQP,P@1,0.0,0.0,0.0,1.0,False
RAD-DINO control (no L_SG): +RQP vs BEP,mIoU,0.00249299216219645,-0.00014904153330169416,0.0055800985046978915,0.074,False
RAD-DINO control (no L_SG): +RQP vs BEP,Dice,0.0035507291180173484,0.000433961856322114,0.006952967310069058,0.02,True
RAD-DINO control (no L_SG): +RQP vs BEP,CNR,0.029265955000545407,0.020380380099212586,0.039429203207011154,0.001,True
RAD-DINO control (no L_SG): +RQP vs BEP,P@1,-0.00044947743284173836,-0.014567449055085729,0.011773019201925144,0.93,False
RAD-DINO control (no L_SG): +DHS vs BEP,mIoU,0.026548500843811107,0.017850326006133177,0.03437125925569439,0.001,True
RAD-DINO control (no L_SG): +DHS vs BEP,Dice,0.029330823033645925,0.019824397779900957,0.03736485502752767,0.001,True
RAD-DINO control (no L_SG): +DHS vs BEP,CNR,-0.03008792710775232,-0.05505766261572127,-0.0029394451527941347,0.034,True
RAD-DINO control (no L_SG): +DHS vs BEP,P@1,0.0,0.0,0.0,1.0,False
RAD-DINO control (no L_SG): +RQP+DHS vs BEP,mIoU,0.02923393878940672,0.020458581076943014,0.03711668019295249,0.001,True
RAD-DINO control (no L_SG): +RQP+DHS vs BEP,Dice,0.032972191176271315,0.023278000653672182,0.04131000213067048,0.001,True
RAD-DINO control (no L_SG): +RQP+DHS vs BEP,CNR,-0.0028548646116255405,-0.02992266009166302,0.02627646168889496,0.886,False
RAD-DINO control (no L_SG): +RQP+DHS vs BEP,P@1,-0.00044947743284173836,-0.014567449055085729,0.011773019201925144,0.93,False
RAD-DINO control (no L_SG): +RQP+DHS vs +RQP,mIoU,0.02674094662721027,0.017526587487490284,0.0341616441069856,0.001,True
RAD-DINO control (no L_SG): +RQP+DHS vs +RQP,Dice,0.029421462058253967,0.01998422223234376,0.03735180647059797,0.001,True
RAD-DINO control (no L_SG): +RQP+DHS vs +RQP,CNR,-0.03212081961217095,-0.057898524775948645,-0.004481741086978403,0.024,True
RAD-DINO control (no L_SG): +RQP+DHS vs +RQP,P@1,0.0,0.0,0.0,1.0,False
KAF-Ground: +RQP vs BEP,mIoU,0.0056390394383982745,0.003265827878342674,0.00833068859648513,0.001,True
KAF-Ground: +RQP vs BEP,Dice,0.006632106050386444,0.003981605018681908,0.009699127910974657,0.001,True
KAF-Ground: +RQP vs BEP,CNR,0.0315545828284014,0.023528627722740374,0.04092928140459112,0.001,True
KAF-Ground: +RQP vs BEP,P@1,0.01878244200319834,0.006406493830227478,0.03273381190052448,0.004,True
KAF-Ground: +DHS vs BEP,mIoU,0.0257923489077454,0.017700266411540946,0.03325726896918529,0.001,True
KAF-Ground: +DHS vs BEP,Dice,0.02832570953697655,0.019607265538492392,0.03593680656758391,0.001,True
KAF-Ground: +DHS vs BEP,CNR,-0.03345042372268625,-0.06020109769479295,-0.007787154575924931,0.016,True
KAF-Ground: +DHS vs BEP,P@1,0.0,0.0,0.0,1.0,False
KAF-Ground: +RQP+DHS vs BEP,mIoU,0.029349178808616483,0.02112736839647247,0.03733685548228705,0.001,True
KAF-Ground: +RQP+DHS vs BEP,Dice,0.03253670748833548,0.023653935174773887,0.04082750441513342,0.001,True
KAF-Ground: +RQP+DHS vs BEP,CNR,-0.00500178725204159,-0.031017988382097517,0.025268097411576235,0.84,False
KAF-Ground: +RQP+DHS vs BEP,P@1,0.01878244200319834,0.006406493830227478,0.03273381190052448,0.004,True
KAF-Ground: +RQP+DHS vs +RQP,mIoU,0.02371013937021821,0.015469295435142411,0.03123177733037947,0.001,True
KAF-Ground: +RQP+DHS vs +RQP,Dice,0.025904601437949037,0.017061458652960507,0.033880619048678284,0.001,True
KAF-Ground: +RQP+DHS vs +RQP,CNR,-0.03655637008044299,-0.06328607058570232,-0.009678689889671034,0.006,True
KAF-Ground: +RQP+DHS vs +RQP,P@1,0.0,0.0,0.0,1.0,False
KAF-Ground vs MedKLIP @ BEP,mIoU,0.15083645347893365,0.14130633234208873,0.16177962918721003,0.001,True
KAF-Ground vs MedKLIP @ BEP,Dice,0.18824684533414204,0.17688769141922572,0.20113892956645557,0.001,True
KAF-Ground vs MedKLIP @ BEP,CNR,0.7198737195966498,0.6772268663814739,0.7636496119289227,0.001,True
KAF-Ground vs MedKLIP @ BEP,P@1,0.4072439686625302,0.37084162382688024,0.4421663414816349,0.001,True
KAF-Ground vs MedKLIP @ +DHS,mIoU,0.16264581528421412,0.15476942298774865,0.1714923902075194,0.001,True
KAF-Ground vs MedKLIP @ +DHS,Dice,0.1972161630307943,0.18824322856901032,0.20732587036530029,0.001,True
KAF-Ground vs MedKLIP @ +DHS,CNR,0.9989592959723013,0.9408504711625193,1.0574387934164053,0.001,True
KAF-Ground vs MedKLIP @ +DHS,P@1,0.4072439686625302,0.37084162382688024,0.4421663414816349,0.001,True
KAF-Ground vs MedKLIP @ best vs best,mIoU,0.1662026451850852,0.15862480817935484,0.1751156716987125,0.001,True
KAF-Ground vs MedKLIP @ best vs best,Dice,0.20142716098215324,0.19237020029333812,0.21184668706300905,0.001,True
KAF-Ground vs MedKLIP @ best vs best,CNR,1.027407932442946,0.9722949628438381,1.0864784095379454,0.001,True
KAF-Ground vs MedKLIP @ best vs best,P@1,0.42602641066572855,0.3914035447733883,0.4613189685065478,0.001,True
KAF-Ground vs GLoRIA @ BEP,mIoU,0.09547301320458423,0.08598626535132263,0.10575044370424398,0.001,True
KAF-Ground vs GLoRIA @ BEP,Dice,0.11790750943551037,0.10621496380329243,0.13024109779243861,0.001,True
KAF-Ground vs GLoRIA @ BEP,CNR,0.39117628401198634,0.3409128903405365,0.4394822308457122,0.001,True
KAF-Ground vs GLoRIA @ BEP,P@1,0.16322672285168505,0.13274568138070977,0.19492464518725539,0.001,True
KAF-Ground vs GLoRIA @ +RQP,mIoU,0.10104515655651364,0.09191730894430121,0.11115944070663769,0.001,True
KAF-Ground vs GLoRIA @ +RQP,Dice,0.12452083110312229,0.11321023582403834,0.1371825846006891,0.001,True
KAF-Ground vs GLoRIA @ +RQP,CNR,0.43042659399333405,0.3830245572601888,0.4803343839951577,0.001,True
KAF-Ground vs GLoRIA @ +RQP,P@1,0.18403404836175286,0.1518005104632066,0.21695844742447826,0.001,True
KAF-Ground vs GLoRIA @ +DHS,mIoU,0.07374641174246621,0.06550947459133358,0.08326107140947028,0.001,True
KAF-Ground vs GLoRIA @ +DHS,Dice,0.08664599987792759,0.07731887446379132,0.09740444424412119,0.001,True
KAF-Ground vs GLoRIA @ +DHS,CNR,0.4684843994917678,0.4031558207768484,0.5284458385748183,0.001,True
KAF-Ground vs GLoRIA @ +DHS,P@1,0.16322672285168505,0.13274568138070977,0.19492464518725539,0.001,True
KAF-Ground vs GLoRIA @ +RQP+DHS,mIoU,0.07938483086480952,0.07166612195160027,0.0889354898870653,0.001,True
KAF-Ground vs GLoRIA @ +RQP+DHS,Dice,0.09345562558392084,0.08422022620627813,0.10454754388553437,0.001,True
KAF-Ground vs GLoRIA @ +RQP+DHS,CNR,0.5136834640526848,0.45251185374541864,0.5807677607076126,0.001,True
KAF-Ground vs GLoRIA @ +RQP+DHS,P@1,0.18403404836175286,0.1518005104632066,0.21695844742447826,0.001,True
KAF-Ground vs GLoRIA @ best vs best,mIoU,0.07938483086480952,0.07166612195160027,0.0889354898870653,0.001,True
KAF-Ground vs GLoRIA @ best vs best,Dice,0.09345562558392084,0.08422022620627813,0.10454754388553437,0.001,True
KAF-Ground vs GLoRIA @ best vs best,CNR,0.5136834640526848,0.45251185374541864,0.5807677607076126,0.001,True
KAF-Ground vs GLoRIA @ best vs best,P@1,0.18403404836175286,0.1518005104632066,0.21695844742447826,0.001,True
KAF-Ground vs AFLoc @ BEP,mIoU,0.014667305331618974,0.007172086033785177,0.0230547526517109,0.001,True
KAF-Ground vs AFLoc @ BEP,Dice,0.02067192472154311,0.012471627818793128,0.03010958051696048,0.001,True
KAF-Ground vs AFLoc @ BEP,CNR,0.04076012284893049,-0.0004576593765900638,0.08039759790841637,0.054,False
KAF-Ground vs AFLoc @ BEP,P@1,0.03510571939467666,0.004575807587008554,0.06435300148370345,0.022,True
KAF-Ground vs AFLoc @ +RQP,mIoU,0.019093796769334426,0.012085965601767204,0.02752583304098262,0.001,True
KAF-Ground vs AFLoc @ +RQP,Dice,0.02574907096922352,0.01835009061005572,0.03506583334066573,0.001,True
KAF-Ground vs AFLoc @ +RQP,CNR,0.0633305849174659,0.024543693454252485,0.10373732309057561,0.002,True
KAF-Ground vs AFLoc @ +RQP,P@1,0.05682236937031604,0.027403619810408907,0.08754976463809698,0.001,True
KAF-Ground vs AFLoc @ +DHS,mIoU,0.022723658269744595,0.016828658714180284,0.029182777397719132,0.001,True
KAF-Ground vs AFLoc @ +DHS,Dice,0.029032085223046122,0.02239905901445815,0.036441194356140745,0.001,True
KAF-Ground vs AFLoc @ +DHS,CNR,0.10331458255839854,0.052765227807619525,0.15292426062745437,0.001,True
KAF-Ground vs AFLoc @ +DHS,P@1,0.03510571939467666,0.004575807587008554,0.06435300148370345,0.022,True
KAF-Ground vs AFLoc @ +RQP+DHS,mIoU,0.025536674203465892,0.0193548925798426,0.032077047222685215,0.001,True
KAF-Ground vs AFLoc @ +RQP+DHS,Dice,0.03238356203157422,0.025797913081073442,0.03989015894944732,0.001,True
KAF-Ground vs AFLoc @ +RQP+DHS,CNR,0.13330690182906224,0.08445700015739291,0.1836814219703053,0.001,True
KAF-Ground vs AFLoc @ +RQP+DHS,P@1,0.05682236937031604,0.027403619810408907,0.08754976463809698,0.001,True
KAF-Ground vs AFLoc @ best vs best,mIoU,0.025536674203465892,0.0193548925798426,0.032077047222685215,0.001,True
KAF-Ground vs AFLoc @ best vs best,Dice,0.03238356203157422,0.025797913081073442,0.03989015894944732,0.001,True
KAF-Ground vs AFLoc @ best vs best,CNR,0.13330690182906224,0.08445700015739291,0.1836814219703053,0.001,True
KAF-Ground vs AFLoc @ best vs best,P@1,0.05682236937031604,0.027403619810408907,0.08754976463809698,0.001,True
KAF-Ground vs RAD-DINO control (no L_SG) @ BEP,mIoU,0.0028804801408508496,-0.00212100018975573,0.008133664988639738,0.25,False
KAF-Ground vs RAD-DINO control (no L_SG) @ BEP,Dice,0.004288817815299828,-0.0010094249367110506,0.010147171423997558,0.128,False
KAF-Ground vs RAD-DINO control (no L_SG) @ BEP,CNR,0.02355264363243914,0.00454512598127278,0.040959138542538055,0.012,True
KAF-Ground vs RAD-DINO control (no L_SG) @ BEP,P@1,-0.00485693658120534,-0.027419288602089316,0.017851901623599502,0.664,False
KAF-Ground vs RAD-DINO control (no L_SG) @ +RQP,mIoU,0.006026527417052674,0.0014419081210625018,0.011040046065045358,0.008,True
KAF-Ground vs RAD-DINO control (no L_SG) @ +RQP,Dice,0.007370194747668923,0.0023124454973265846,0.012999975430472818,0.008,True
KAF-Ground vs RAD-DINO control (no L_SG) @ +RQP,CNR,0.025841271460295134,0.00826216131774309,0.04379983356618134,0.004,True
KAF-Ground vs RAD-DINO control (no L_SG) @ +RQP,P@1,0.01437498285483474,-0.004289673695091072,0.03422076797363105,0.126,False
KAF-Ground vs RAD-DINO control (no L_SG) @ +DHS,mIoU,0.002124328204785142,-0.0016594443625217684,0.006292281359145959,0.288,False
KAF-Ground vs RAD-DINO control (no L_SG) @ +DHS,Dice,0.0032837043186304538,-0.0005118430388765915,0.007688186612031766,0.118,False
KAF-Ground vs RAD-DINO control (no L_SG) @ +DHS,CNR,0.02019014701750521,-0.008431093253994331,0.049623314215101764,0.178,False
KAF-Ground vs RAD-DINO control (no L_SG) @ +DHS,P@1,-0.00485693658120534,-0.027419288602089316,0.017851901623599502,0.664,False
KAF-Ground vs RAD-DINO control (no L_SG) @ +RQP+DHS,mIoU,0.002995720160060611,-0.0006087096457930997,0.006927542841722887,0.096,False
KAF-Ground vs RAD-DINO control (no L_SG) @ +RQP+DHS,Dice,0.0038533341273639943,-1.410923884029023e-05,0.007869126270398518,0.052,False
KAF-Ground vs RAD-DINO control (no L_SG) @ +RQP+DHS,CNR,0.021405720992023092,-0.0056196669606908434,0.04924175103068522,0.106,False
KAF-Ground vs RAD-DINO control (no L_SG) @ +RQP+DHS,P@1,0.01437498285483474,-0.004289673695091072,0.03422076797363105,0.126,False
KAF-Ground vs RAD-DINO control (no L_SG) @ best vs best,mIoU,0.002995720160060611,-0.0006087096457930997,0.006927542841722887,0.096,False
KAF-Ground vs RAD-DINO control (no L_SG) @ best vs best,Dice,0.0038533341273639943,-1.410923884029023e-05,0.007869126270398518,0.052,False
KAF-Ground vs RAD-DINO control (no L_SG) @ best vs best,CNR,0.021405720992023092,-0.0056196669606908434,0.04924175103068522,0.106,False
KAF-Ground vs RAD-DINO control (no L_SG) @ best vs best,P@1,0.01437498285483474,-0.004289673695091072,0.03422076797363105,0.126,False
RAD-DINO control vs AFLoc @ BEP,mIoU,0.011786825190768124,0.0040618277410578996,0.019795292779742346,0.002,True
RAD-DINO control vs AFLoc @ BEP,Dice,0.016383106906243283,0.00754747200239834,0.025461800703059947,0.001,True
RAD-DINO control vs AFLoc @ BEP,CNR,0.01720747921649135,-0.023682848846066463,0.0567100214015349,0.422,False
RAD-DINO control vs AFLoc @ BEP,P@1,0.039962655975882,0.009782340767673264,0.06788463198028928,0.008,True
RAD-DINO control vs AFLoc @ +RQP,mIoU,0.013067269352281752,0.006148268199052001,0.021080508773134,0.002,True
RAD-DINO control vs AFLoc @ +RQP,Dice,0.018378876221554596,0.010743864409444165,0.027440155083181803,0.001,True
RAD-DINO control vs AFLoc @ +RQP,CNR,0.03748931345717077,-0.0005095774821445242,0.07710652085510313,0.054,False
RAD-DINO control vs AFLoc @ +RQP,P@1,0.0424473865154813,0.01280828055088689,0.07251291140308871,0.001,True
RAD-DINO control vs AFLoc @ +DHS,mIoU,0.020599330064959454,0.014231927985908997,0.027294101382440882,0.001,True
RAD-DINO control vs AFLoc @ +DHS,Dice,0.02574838090441567,0.018538518852740868,0.03335335893292147,0.001,True
RAD-DINO control vs AFLoc @ +DHS,CNR,0.08312443554089333,0.02951548056290339,0.13261148008237586,0.002,True
RAD-DINO control vs AFLoc @ +DHS,P@1,0.039962655975882,0.009782340767673264,0.06788463198028928,0.008,True
RAD-DINO control vs AFLoc @ +RQP+DHS,mIoU,0.02254095404340528,0.01600790482250011,0.02904398108986387,0.001,True
RAD-DINO control vs AFLoc @ +RQP+DHS,Dice,0.028530227904210226,0.02130628689095685,0.035991139643116295,0.001,True
RAD-DINO control vs AFLoc @ +RQP+DHS,CNR,0.11190118083703915,0.06284818960909326,0.15978009086043618,0.001,True
RAD-DINO control vs AFLoc @ +RQP+DHS,P@1,0.0424473865154813,0.01280828055088689,0.07251291140308871,0.001,True
KAF-Ground: RQP x DHS interaction,mIoU,-0.002082209537527191,-0.004188968794467726,-3.378263542585037e-05,0.048,True
