model,stage,mIoU,mIoU_lo,mIoU_hi,Dice,Dice_lo,Dice_hi,CNR,CNR_lo,CNR_hi,P@1,P@1_lo,P@1_hi
MedKLIP,BEP,0.18705459720563217,0.17946002745771492,0.19369962817639647,0.2934652405490519,0.28326828913962854,0.30252738500960735,0.9516418517028522,0.9185511126327742,0.9857500744139794,0.4121257048534914,0.37790661364644634,0.44447322854644106
MedKLIP,+DHS,0.2010375843080971,0.1936065727701727,0.2076378393748096,0.31282163238937616,0.3025871024367498,0.3220512723546862,0.6391058516045145,0.6017939383394699,0.6816446995509984,0.4121257048534914,0.37790661364644634,0.44447322854644106
GLoRIA,BEP,0.24241803747998159,0.23243195337510558,0.2520243468953531,0.36380457644768355,0.3509630491223041,0.3759256104957542,1.2803392872875157,1.2248700769023109,1.3411849251451033,0.6561429506643366,0.6225506697024327,0.6874806324021435
GLoRIA,+RQP,0.24248493356645046,0.23235784989044164,0.25196560350233665,0.3638233608304581,0.35045207867067996,0.37620508376564626,1.2726435601345694,1.213011501787297,1.3326732749820485,0.6541180671574671,0.6206224536164321,0.683968972771277
GLoRIA,+DHS,0.289936987849845,0.2795247407116396,0.3005239676745304,0.4233917955422429,0.4105308940143572,0.436442518115046,1.169580748085048,1.1052060511248254,1.2373313995432604,0.6561429506643366,0.6225506697024327,0.6874806324021435
GLoRIA,+RQP+DHS,0.2878553986283728,0.2768714205767407,0.2986142573612236,0.42079316778760856,0.4067863680367295,0.43394375668758195,1.1528303199947756,1.0891802320310695,1.2230650767431308,0.6541180671574671,0.6206224536164321,0.683968972771277
AFLoc,BEP,0.32322374535294685,0.31356139484612394,0.3323436959069471,0.4610401611616508,0.44990039765400514,0.47166553417265034,1.6307554484505715,1.5780689434874786,1.6824726382837725,0.784263954121345,0.7581074410683427,0.8058862547269146
AFLoc,+RQP,0.32443629335362967,0.31497744324094085,0.3338457904905771,0.46259512096435684,0.45141636141848385,0.47331187177696793,1.6397395692104375,1.5894248456649787,1.6922179225158056,0.7813297461489039,0.7553767800016089,0.8028868418983799
AFLoc,+DHS,0.3409597413225666,0.3306224235421523,0.3506559298479232,0.48100571019712435,0.46906701246886934,0.49186126239576033,1.5347505650184172,1.478168130985199,1.5959805315688995,0.784263954121345,0.7581074410683427,0.8058862547269146
AFLoc,+RQP+DHS,0.3417035552897164,0.33141663885098355,0.35150956608959577,0.4818652313399552,0.46993775476626,0.4931300697314865,1.5332068822183982,1.4771371250887877,1.5971537890687804,0.7813297461489039,0.7553767800016089,0.8028868418983799
RAD-DINO control (no L_SG),BEP,0.33501057054371497,0.325787395063609,0.34493507325641004,0.4774232680678941,0.4668271016242145,0.4884704124104854,1.6479629276670629,1.605142745826293,1.6907749716543523,0.824226610097227,0.7992246081939816,0.8448893713547375
RAD-DINO control (no L_SG),+RQP,0.3375035627059114,0.3287089335378438,0.34714131011182486,0.48097399718591144,0.4707803845357472,0.49173175671151254,1.6772288826676083,1.6352513687270942,1.719993053132634,0.8237771326643852,0.7981617350100029,0.844920239111736
RAD-DINO control (no L_SG),+DHS,0.3615590713875261,0.35088927996837227,0.37199116236415825,0.50675409110154,0.4947639672166687,0.51831837029501,1.6178750005593105,1.5592003338103957,1.6764437589667127,0.824226610097227,0.7992246081939816,0.8448893713547375
RAD-DINO control (no L_SG),+RQP+DHS,0.3642445093331217,0.35359034887831226,0.3743610179884312,0.5103954592441654,0.4982082184509552,0.5215126421875318,1.6451080630554373,1.5891869129657692,1.7031818811121222,0.8237771326643852,0.7981617350100029,0.844920239111736
KAF-Ground,BEP,0.3378910506845658,0.32891564265453893,0.3466709236203889,0.4817120858831939,0.4715465369007931,0.4917498053448958,1.671515571299502,1.6281814104688606,1.7139219663078828,0.8193696735160216,0.7930527256827631,0.8419685990222434
KAF-Ground,+RQP,0.3435300901229641,0.3346683060072273,0.3528928270327887,0.48834419193358036,0.478087485244548,0.4988536150015052,1.7030701541279034,1.6606531073633561,1.7460420871311395,0.83815211551922,0.8130421476814554,0.8611725447332932
KAF-Ground,+DHS,0.3636833995923112,0.35377816285296476,0.3732507241100959,0.5100377954201705,0.498729128551346,0.5204810252837472,1.6380651475768158,1.5793596707715538,1.6970335515866815,0.8193696735160216,0.7930527256827631,0.8419685990222434
KAF-Ground,+RQP+DHS,0.3672402294931823,0.35738006149131996,0.37705290461366076,0.5142487933715294,0.502910780253788,0.5249447859344946,1.6665137840474604,1.609392403181327,1.7262084177817505,0.83815211551922,0.8130421476814554,0.8611725447332932
