model,stage,category,n,IoU,Dice,CNR,P@1
MedKLIP,BEP,Atelectasis,61,0.16871625304720542,0.27906193038167443,0.9601831195587115,0.29508196721311475
MedKLIP,BEP,Cardiomegaly,333,0.3458423684143152,0.502820348347168,1.2405932158943642,0.7837837837837838
MedKLIP,BEP,Consolidation,117,0.21308400170003622,0.3352868139182163,1.197096620067061,0.4700854700854701
MedKLIP,BEP,Edema,46,0.2477149395927566,0.3812357566377564,1.1879175342444015,0.5869565217391305
MedKLIP,BEP,Lung Opacity,82,0.15778887916676432,0.25402963384235644,1.1487561543348055,0.3170731707317073
MedKLIP,BEP,Pleural Effusion,96,0.10425197017856667,0.18068710289815382,0.5911300169282863,0.21875
MedKLIP,BEP,Pneumonia,182,0.21299175575337642,0.337503788066853,1.1473133597366452,0.510989010989011
MedKLIP,BEP,Pneumothorax,245,0.04604660979203628,0.07709655030023664,0.1401447928585417,0.11428571428571428
MedKLIP,+DHS,Atelectasis,61,0.19018792308180527,0.31094815508988716,0.6943424965557081,0.29508196721311475
MedKLIP,+DHS,Cardiomegaly,333,0.38461059424594546,0.546769762728694,0.8822164309415421,0.7837837837837838
MedKLIP,+DHS,Consolidation,117,0.21952105446846237,0.3448378558527278,0.8746199440634042,0.4700854700854701
MedKLIP,+DHS,Edema,46,0.2656001632928376,0.4086247020217161,0.852145582845949,0.5869565217391305
MedKLIP,+DHS,Lung Opacity,82,0.16078906599954737,0.26004903149080694,0.8806789531765875,0.3170731707317073
MedKLIP,+DHS,Pleural Effusion,96,0.11011227373148413,0.19079191763041858,0.2709998405389285,0.21875
MedKLIP,+DHS,Pneumonia,182,0.2273138384681434,0.35798541993349964,0.8171015097657353,0.510989010989011
MedKLIP,+DHS,Pneumothorax,245,0.05016576117655138,0.08256621436725929,-0.15925794505173801,0.11428571428571428
GLoRIA,BEP,Atelectasis,61,0.30641879102343955,0.44906454391550193,1.5945653521799303,0.9016393442622951
GLoRIA,BEP,Cardiomegaly,333,0.28694207035779723,0.4339691340119937,1.0914914252567258,0.8768768768768769
GLoRIA,BEP,Consolidation,117,0.26247174792428457,0.39206180628312376,1.468855465518765,0.7264957264957265
GLoRIA,BEP,Edema,46,0.23670621164621852,0.3599982552774604,1.1062296132669116,0.6521739130434783
GLoRIA,BEP,Lung Opacity,82,0.228768459666728,0.3458108819378749,1.5707814720615874,0.5
GLoRIA,BEP,Pleural Effusion,96,0.21764385786231752,0.3410113943561226,1.223055753266571,0.5520833333333334
GLoRIA,BEP,Pneumonia,182,0.28902906202080075,0.41680887817060897,1.439880449351244,0.7582417582417582
GLoRIA,BEP,Pneumothorax,245,0.1113640993382667,0.17171171762878198,0.747854767398387,0.2816326530612245
GLoRIA,+RQP,Atelectasis,61,0.30319635786443677,0.44442632142237437,1.556231697100043,0.8688524590163934
GLoRIA,+RQP,Cardiomegaly,333,0.28666492214699385,0.43452703072793436,1.0777756626121062,0.8708708708708709
GLoRIA,+RQP,Consolidation,117,0.2597965720780546,0.3881258196053707,1.4596459534935617,0.7264957264957265
GLoRIA,+RQP,Edema,46,0.23213920707661587,0.3563822333760065,1.1071468938681266,0.6304347826086957
GLoRIA,+RQP,Lung Opacity,82,0.244097870529859,0.365680307130846,1.6434746857560678,0.5975609756097561
GLoRIA,+RQP,Pleural Effusion,96,0.21030045669824124,0.326741906441611,1.1022287576371197,0.5208333333333334
GLoRIA,+RQP,Pneumonia,182,0.29076702252427095,0.4203225560762499,1.4582546098271292,0.7362637362637363
GLoRIA,+RQP,Pneumothorax,245,0.11291705961313146,0.1743807118632715,0.7763902207824002,0.2816326530612245
GLoRIA,+DHS,Atelectasis,61,0.35260793639532545,0.5028703017018008,1.4826938719526024,0.9016393442622951
GLoRIA,+DHS,Cardiomegaly,333,0.3951805132902297,0.5567000032910071,0.8742135098136236,0.8768768768768769
GLoRIA,+DHS,Consolidation,117,0.31156388589316686,0.45405855285534436,1.3904520749841118,0.7264957264957265
GLoRIA,+DHS,Edema,46,0.2829894429021051,0.4220634779321926,0.8942815197702813,0.6521739130434783
GLoRIA,+DHS,Lung Opacity,82,0.2333473945925337,0.35446539976186114,1.5838417946088192,0.5
GLoRIA,+DHS,Pleural Effusion,96,0.2529044807180099,0.3890417246337161,1.1126354794309055,0.5520833333333334
GLoRIA,+DHS,Pneumonia,182,0.34203868472977955,0.4852997572259189,1.4604120441863215,0.7582417582417582
GLoRIA,+DHS,Pneumothorax,245,0.14886356427760988,0.2226351469361013,0.5581156899337179,0.2816326530612245
GLoRIA,+RQP+DHS,Atelectasis,61,0.34050801864753455,0.48864652288775257,1.4307387551961455,0.8688524590163934
GLoRIA,+RQP+DHS,Cardiomegaly,333,0.39450953153122237,0.5558033016197141,0.8632979441655878,0.8708708708708709
GLoRIA,+RQP+DHS,Consolidation,117,0.30609959412533694,0.4482872103597634,1.3806002594442224,0.7264957264957265
GLoRIA,+RQP+DHS,Edema,46,0.2869876530660176,0.4263191348688137,0.9089170865914208,0.6304347826086957
GLoRIA,+RQP+DHS,Lung Opacity,82,0.2425473882921162,0.3657413467437149,1.568664991044554,0.5975609756097561
GLoRIA,+RQP+DHS,Pleural Effusion,96,0.23753631396886635,0.36643604866864526,1.0080374597372679,0.5208333333333334
GLoRIA,+RQP+DHS,Pneumonia,182,0.3438773345029805,0.4882577149526488,1.4604970026536228,0.7362637362637363
GLoRIA,+RQP+DHS,Pneumothorax,245,0.1507773548929078,0.22685406219981516,0.6018890611253829,0.2816326530612245
AFLoc,BEP,Atelectasis,61,0.3815831120492682,0.5323382531783419,1.7570249179003747,0.9016393442622951
AFLoc,BEP,Cardiomegaly,333,0.3614595159865171,0.5200358091481103,1.3922183470999843,0.9669669669669669
AFLoc,BEP,Consolidation,117,0.37077212787851355,0.5231424157968108,1.9272787413044978,0.8888888888888888
AFLoc,BEP,Edema,46,0.2602263579454488,0.39653947064295886,1.1298788202304406,0.8260869565217391
AFLoc,BEP,Lung Opacity,82,0.32772321455591885,0.4681228702405346,2.189966189343844,0.8170731707317073
AFLoc,BEP,Pleural Effusion,96,0.3478618635999739,0.5005115981503139,1.8182421258600456,0.7916666666666666
AFLoc,BEP,Pneumonia,182,0.41600526160157697,0.5624312763403307,1.9243882635945966,0.8736263736263736
AFLoc,BEP,Pneumothorax,245,0.12015850920635733,0.18519959579580536,0.9070461822707894,0.20816326530612245
AFLoc,+RQP,Atelectasis,61,0.38176923532482704,0.5333404919995551,1.7792964771481794,0.9180327868852459
AFLoc,+RQP,Cardiomegaly,333,0.36130028024267885,0.5204868647826836,1.4005324595681514,0.96996996996997
AFLoc,+RQP,Consolidation,117,0.3736384835413965,0.5256843164248677,1.9417729154101424,0.8974358974358975
AFLoc,+RQP,Edema,46,0.2607471775474104,0.396436438442593,1.141131015373322,0.8043478260869565
AFLoc,+RQP,Lung Opacity,82,0.3345283180752257,0.4766488186923888,2.2187845346217094,0.7804878048780488
AFLoc,+RQP,Pleural Effusion,96,0.3414284707174941,0.4933015885732184,1.7583570455177007,0.7916666666666666
AFLoc,+RQP,Pneumonia,182,0.42070756789395236,0.5672658549266866,1.9521926204515763,0.8846153846153846
AFLoc,+RQP,Pneumothorax,245,0.1213708134860516,0.18759659387286245,0.9258494855927164,0.20408163265306123
AFLoc,+DHS,Atelectasis,61,0.39861358440365746,0.5495925985842187,1.7743481955623253,0.9016393442622951
AFLoc,+DHS,Cardiomegaly,333,0.48562282223844655,0.6454293750177487,1.1426914905429073,0.9669669669669669
AFLoc,+DHS,Consolidation,117,0.37318784894707663,0.524210366173156,1.8323105891198859,0.8888888888888888
AFLoc,+DHS,Edema,46,0.2902722611495489,0.43545354357530747,0.9562808315835809,0.8260869565217391
AFLoc,+DHS,Lung Opacity,82,0.2925399735899758,0.4265878677536083,2.1399851490728983,0.8170731707317073
AFLoc,+DHS,Pleural Effusion,96,0.33820841008593444,0.49201634774186037,1.8049752961085634,0.7916666666666666
AFLoc,+DHS,Pneumonia,182,0.4170665966025624,0.568673172982162,1.988091960926974,0.8736263736263736
AFLoc,+DHS,Pneumothorax,245,0.1321664335633306,0.206082409748934,0.6393210072302002,0.20816326530612245
AFLoc,+RQP+DHS,Atelectasis,61,0.3954262538881263,0.547153959403835,1.758614537675078,0.9180327868852459
AFLoc,+RQP+DHS,Cardiomegaly,333,0.4870731587698365,0.6477803807041556,1.1478619122584812,0.96996996996997
AFLoc,+RQP+DHS,Consolidation,117,0.37621020334062705,0.5269655376177157,1.8510386747295768,0.8974358974358975
AFLoc,+RQP+DHS,Edema,46,0.29377326464019327,0.4389134637505929,0.9666664177644408,0.8043478260869565
AFLoc,+RQP+DHS,Lung Opacity,82,0.293847914238323,0.4276535304597616,2.136192160103179,0.7804878048780488
AFLoc,+RQP+DHS,Pleural Effusion,96,0.3321933844034211,0.48444763382612893,1.7368503180731114,0.7916666666666666
AFLoc,+RQP+DHS,Pneumonia,182,0.4208779359201633,0.5726447046091856,2.013557742804409,0.8846153846153846
AFLoc,+RQP+DHS,Pneumothorax,245,0.13422632711704083,0.20936264034826524,0.6548732943389097,0.20408163265306123
RAD-DINO control (no L_SG),BEP,Atelectasis,61,0.39690043089398597,0.5491146150230544,1.7852371012299986,0.9672131147540983
RAD-DINO control (no L_SG),BEP,Cardiomegaly,333,0.32354662179186405,0.4778149111245787,1.2216332296934982,0.972972972972973
RAD-DINO control (no L_SG),BEP,Consolidation,117,0.4003525469538931,0.5514150334755007,1.9520391905404506,0.9316239316239316
RAD-DINO control (no L_SG),BEP,Edema,46,0.2798327458542414,0.42214863827076893,1.2793033191390715,0.7391304347826086
RAD-DINO control (no L_SG),BEP,Lung Opacity,82,0.3227978996046446,0.46276639226019955,1.991483820534784,0.8292682926829268
RAD-DINO control (no L_SG),BEP,Pleural Effusion,96,0.37273666140306644,0.5257902067599507,1.7896820434433316,0.8958333333333334
RAD-DINO control (no L_SG),BEP,Pneumonia,182,0.397199858990754,0.5443897684126738,1.8032895083404519,0.9230769230769231
RAD-DINO control (no L_SG),BEP,Pneumothorax,245,0.18671779885726994,0.285946579216426,1.3610352084149135,0.3346938775510204
RAD-DINO control (no L_SG),+RQP,Atelectasis,61,0.40102804704583717,0.5542332288772815,1.8029517760067564,0.9672131147540983
RAD-DINO control (no L_SG),+RQP,Cardiomegaly,333,0.30366238664799233,0.4556400138972918,1.2157176877213154,0.972972972972973
RAD-DINO control (no L_SG),+RQP,Consolidation,117,0.4040474602558462,0.555857111003446,2.0061663218321066,0.9401709401709402
RAD-DINO control (no L_SG),+RQP,Edema,46,0.280925384975743,0.423839598751152,1.3042597416867212,0.6956521739130435
RAD-DINO control (no L_SG),+RQP,Lung Opacity,82,0.33592183253386376,0.47699983219292375,2.063549720161634,0.8780487804878049
RAD-DINO control (no L_SG),+RQP,Pleural Effusion,96,0.37441688369862175,0.5295705369543393,1.7838278118402198,0.8333333333333334
RAD-DINO control (no L_SG),+RQP,Pneumonia,182,0.4083173837702238,0.5580679907478122,1.8333634240226726,0.9395604395604396
RAD-DINO control (no L_SG),+RQP,Pneumothorax,245,0.191709122719163,0.293583665063044,1.4079945780694418,0.363265306122449
RAD-DINO control (no L_SG),+DHS,Atelectasis,61,0.4353469365426788,0.5871218779144798,1.8523162169775467,0.9672131147540983
RAD-DINO control (no L_SG),+DHS,Cardiomegaly,333,0.4352392792629741,0.5992358972487977,1.0119533116089945,0.972972972972973
RAD-DINO control (no L_SG),+DHS,Consolidation,117,0.4157254625891735,0.5666176935798015,2.056659279337906,0.9316239316239316
RAD-DINO control (no L_SG),+DHS,Edema,46,0.3347022654612253,0.48745631417506763,1.1024758432728725,0.7391304347826086
RAD-DINO control (no L_SG),+DHS,Lung Opacity,82,0.29201204933415326,0.42331691985178815,2.002390279784727,0.8292682926829268
RAD-DINO control (no L_SG),+DHS,Pleural Effusion,96,0.35592712755139494,0.5101758307553784,1.7953241774631408,0.8958333333333334
RAD-DINO control (no L_SG),+DHS,Pneumonia,182,0.4318350378951511,0.5850842940454113,1.9182532628636808,0.9230769230769231
RAD-DINO control (no L_SG),+DHS,Pneumothorax,245,0.1916844124634579,0.2950239012415966,1.2036276331656153,0.3346938775510204
RAD-DINO control (no L_SG),+RQP+DHS,Atelectasis,61,0.4387692107603274,0.5907822007776902,1.8879053435239195,0.9672131147540983
RAD-DINO control (no L_SG),+RQP+DHS,Cardiomegaly,333,0.42473482764892617,0.5890781621361775,0.9789414957517483,0.972972972972973
RAD-DINO control (no L_SG),+RQP+DHS,Consolidation,117,0.4161707877558243,0.5667736956002554,2.0908621094382336,0.9401709401709402
RAD-DINO control (no L_SG),+RQP+DHS,Edema,46,0.33883146000312075,0.49223109302205953,1.1194746422791302,0.6956521739130435
RAD-DINO control (no L_SG),+RQP+DHS,Lung Opacity,82,0.3049950074781081,0.43737937732616344,2.074913762882074,0.8780487804878049
RAD-DINO control (no L_SG),+RQP+DHS,Pleural Effusion,96,0.35617150458443686,0.5122644405287166,1.7811154382927434,0.8333333333333334
RAD-DINO control (no L_SG),+RQP+DHS,Pneumonia,182,0.43949642792991406,0.5944242724588107,1.9616899654640834,0.9395604395604396
RAD-DINO control (no L_SG),+RQP+DHS,Pneumothorax,245,0.19478684850431527,0.3002304321034503,1.2659617468115658,0.363265306122449
KAF-Ground,BEP,Atelectasis,61,0.3985125304924639,0.5529331171248217,1.783473983383379,0.9016393442622951
KAF-Ground,BEP,Cardiomegaly,333,0.31115834361164185,0.4636282027862651,1.306373626076689,0.984984984984985
KAF-Ground,BEP,Consolidation,117,0.401612032587634,0.553218241697217,1.972410749272866,0.9401709401709402
KAF-Ground,BEP,Edema,46,0.2911919858123851,0.4369527410680523,1.3373684842166575,0.782608695652174
KAF-Ground,BEP,Lung Opacity,82,0.3523519992374935,0.49649354674885665,2.1098653766810456,0.8658536585365854
KAF-Ground,BEP,Pleural Effusion,96,0.35769120946741556,0.5110751857251542,1.688894217435972,0.84375
KAF-Ground,BEP,Pneumonia,182,0.4159632803753136,0.567484397085756,1.8519160311349996,0.9175824175824175
KAF-Ground,BEP,Pneumothorax,245,0.17464702389217898,0.27191125482942896,1.321822102194406,0.3183673469387755
KAF-Ground,+RQP,Atelectasis,61,0.407299277019727,0.5621972200674762,1.7895059956434236,0.9508196721311475
KAF-Ground,+RQP,Cardiomegaly,333,0.3050713475101899,0.4575224879466662,1.2891916253224625,0.987987987987988
KAF-Ground,+RQP,Consolidation,117,0.4029866251600775,0.554944442713166,2.0005709350338705,0.9401709401709402
KAF-Ground,+RQP,Edema,46,0.3018397672691801,0.44845644297506093,1.3974864181968043,0.782608695652174
KAF-Ground,+RQP,Lung Opacity,82,0.3546291547994518,0.4991297846656496,2.161986366891258,0.8780487804878049
KAF-Ground,+RQP,Pleural Effusion,96,0.3695785640687402,0.5247720201618675,1.7246835498667636,0.875
KAF-Ground,+RQP,Pneumonia,182,0.42586469398999965,0.5788743430208029,1.8906903620832616,0.9395604395604396
KAF-Ground,+RQP,Pneumothorax,245,0.18097129116634694,0.2808567939179531,1.3704459799853854,0.3510204081632653
KAF-Ground,+DHS,Atelectasis,61,0.4289364093185937,0.5833822958467147,1.8329439320162089,0.9016393442622951
KAF-Ground,+DHS,Cardiomegaly,333,0.45511923817197114,0.6197274645668022,1.0670070823500475,0.984984984984985
KAF-Ground,+DHS,Consolidation,117,0.4117665863135796,0.564094285747113,2.028829869403953,0.9401709401709402
KAF-Ground,+DHS,Edema,46,0.3353899438088944,0.4907804154266165,1.1598495437420073,0.782608695652174
KAF-Ground,+DHS,Lung Opacity,82,0.31248381100631734,0.4470006800545658,2.175163617069361,0.8658536585365854
KAF-Ground,+DHS,Pleural Effusion,96,0.3366374873439604,0.49105128250630276,1.67196892441188,0.84375
KAF-Ground,+DHS,Pneumonia,182,0.44604709231355855,0.6001453977823402,2.03314635736005,0.9175824175824175
KAF-Ground,+DHS,Pneumothorax,245,0.1830866284616138,0.28412054143090837,1.1356118542610216,0.3183673469387755
KAF-Ground,+RQP+DHS,Atelectasis,61,0.4329143302669405,0.5870836272259283,1.845078276306835,0.9508196721311475
KAF-Ground,+RQP+DHS,Cardiomegaly,333,0.4514986092928465,0.617050838484494,1.0480341806305895,0.987987987987988
KAF-Ground,+RQP+DHS,Consolidation,117,0.40860695690164756,0.5598578633534456,2.0363485691635916,0.9401709401709402
KAF-Ground,+RQP+DHS,Edema,46,0.3454559862039053,0.5013000346107198,1.217106370623443,0.782608695652174
KAF-Ground,+RQP+DHS,Lung Opacity,82,0.3173719241459482,0.451748824260396,2.2156019193632206,0.8780487804878049
KAF-Ground,+RQP+DHS,Pleural Effusion,96,0.3396298894978853,0.49541744727325504,1.680619559845703,0.875
KAF-Ground,+RQP+DHS,Pneumonia,182,0.4549212148234922,0.610835212072434,2.0807792360914914,0.9395604395604396
KAF-Ground,+RQP+DHS,Pneumothorax,245,0.18752292481279245,0.2906964996915621,1.2085421603548097,0.3510204081632653
